epoch,time,train/box_loss,train/cls_loss,train/dfl_loss,metrics/precision(B),metrics/recall(B),metrics/mAP50(B),metrics/mAP50-95(B),val/box_loss,val/cls_loss,val/dfl_loss,lr/pg0,lr/pg1,lr/pg2
1,62.7462,0,85.2046,0,0,0,0,0,0,31.5297,0,1.667e-05,1.667e-05,1.667e-05
1,67.6484,0,82.4843,0,0,0,0,0,0,31.6088,0,1.667e-05,1.667e-05,1.667e-05
2,195.584,0,84.6633,0,0,0,0,0,0,31.6342,0,3.35067e-05,3.35067e-05,3.35067e-05
2,196.657,0,81.8432,0,0,0,0,0,0,31.6362,0,3.35067e-05,3.35067e-05,3.35067e-05
3,269.665,0,83.7253,0,0,0,0,0,0,31.7258,0,2.8339e-05,2.8339e-05,2.8339e-05
3,271.836,0,81.0306,0,0,0,0,0,0,31.6611,0,2.8339e-05,2.8339e-05,2.8339e-05
